Source,Target
George Keith,Robert Barclay
George Keith,Benjamin Furly
George Keith,Anne Conway Viscountess Conway and Killultagh
George Keith,Franciscus Mercurius van Helmont
George Keith,William Penn
George Keith,George Fox
George Keith,George Whitehead
George Keith,William Bradford
George Whitehead,Alexander Parker
George Whitehead,John Whitehead
George Whitehead,Daniel Quare
George Whitehead,William Penn
George Whitehead,John Story
George Whitehead,Rebecca Travers
Benjamin Furly,Robert Barclay
Robert Barclay,John Story